protocol,profile,family,m,q,n,phase,backend,sample_count,failed_count,mean_ms,median_ms,std_ms,min_ms,max_ms,p95_ms,coefficient_of_variation,completed,error_codes
C2LAKE,audited_prime_m112,audited_prime,112,12547,3050,PartialPrivateKeyExtract,fast,100,0,55.6983057,54.103900499999995,6.475103474787878,49.410221,86.876169,74.215248,0.11625314977557528,True,
C2LAKE,audited_prime_m112,audited_prime,112,12547,3050,SetSecretValue,fast,100,0,54.87216281,52.7556515,7.08728520746218,48.921107,92.443239,66.889837,0.1291599391116142,True,
C2LAKE,audited_prime_m112,audited_prime,112,12547,3050,Setup,fast,100,0,128.1689626,124.29874699999999,12.92845413421659,117.147423,187.988117,156.438148,0.10087039695066231,True,
C2LAKE,audited_prime_m112,audited_prime,112,12547,3050,full_handshake,fast,100,0,403.06391169,396.41139499999997,30.816943053414402,368.773712,599.013017,442.327307,0.0764567160681852,True,
C2LAKE,audited_prime_m112,audited_prime,112,12547,3050,initiator_create,fast,100,0,136.67862878,134.76423799999998,9.342745030972827,125.184459,179.427871,151.755074,0.06835556600447794,True,
C2LAKE,audited_prime_m112,audited_prime,112,12547,3050,initiator_total,fast,100,0,200.38003313000002,198.278017,12.558439373849964,180.252517,244.496389,229.10345,0.06267310758304176,True,
C2LAKE,audited_prime_m112,audited_prime,112,12547,3050,initiator_verify_and_finish,fast,100,0,63.701404350000004,62.1816755,7.2899880878125245,54.858544,96.679643,77.527943,0.11443999017287794,True,
C2LAKE,audited_prime_m112,audited_prime,112,12547,3050,responder_total,fast,100,0,197.81460854,196.516276,9.54027459494147,180.876686,230.481218,211.419404,0.04822836222943735,True,
C2LAKE,audited_prime_m112,audited_prime,112,12547,3050,responder_verify_and_reply,fast,100,0,197.81460854,196.516276,9.54027459494147,180.876686,230.481218,211.419404,0.04822836222943735,True,
C2LAKE,audited_prime_m128,audited_prime,128,16411,3584,PartialPrivateKeyExtract,fast,100,0,146.89097579,146.189843,5.53077258341275,137.715177,171.998051,155.171033,0.03765222848896938,True,
C2LAKE,audited_prime_m128,audited_prime,128,16411,3584,SetSecretValue,fast,100,0,146.15732636,143.7320325,8.718206940636273,136.96915,183.260707,164.756618,0.05964946922443329,True,
C2LAKE,audited_prime_m128,audited_prime,128,16411,3584,Setup,fast,100,0,242.44363130999997,239.763893,11.748394541010029,228.486222,297.404845,265.941951,0.048458251831692674,True,
C2LAKE,audited_prime_m128,audited_prime,128,16411,3584,full_handshake,fast,100,0,813.68556217,807.1324775,32.868810586883576,776.202363,953.479231,880.035691,0.0403949782508448,True,
C2LAKE,audited_prime_m128,audited_prime,128,16411,3584,initiator_create,fast,100,0,254.9814312,249.3314785,27.86439121779337,237.956518,499.621182,286.354518,0.10928008006958496,True,
C2LAKE,audited_prime_m128,audited_prime,128,16411,3584,initiator_total,fast,100,0,410.34432838,402.356476,45.77450546053943,382.104249,833.137,444.374348,0.1115514515364518,True,
C2LAKE,audited_prime_m128,audited_prime,128,16411,3584,initiator_verify_and_finish,fast,100,0,155.36289718,152.201806,19.67734256090512,142.845778,333.515818,168.406224,0.12665406553346767,True,
C2LAKE,audited_prime_m128,audited_prime,128,16411,3584,responder_total,fast,100,0,408.72779681,402.094912,40.018905579518375,384.825584,781.986644,433.520787,0.09791089789305778,True,
C2LAKE,audited_prime_m128,audited_prime,128,16411,3584,responder_verify_and_reply,fast,100,0,408.72779681,402.094912,40.018905579518375,384.825584,781.986644,433.520787,0.09791089789305778,True,
C2LAKE,audited_prime_m160,audited_prime,160,25601,4687,PartialPrivateKeyExtract,fast,100,0,154.85195557,152.29349200000001,8.368327321133918,147.106083,206.634343,168.302967,0.054040824284915544,True,
C2LAKE,audited_prime_m160,audited_prime,160,25601,4687,SetSecretValue,fast,100,0,155.0794148,152.61065,9.99556982316021,145.533609,201.924272,178.912488,0.06445452374224596,True,
C2LAKE,audited_prime_m160,audited_prime,160,25601,4687,Setup,fast,100,0,323.13763458,318.790751,13.647114203398507,309.105141,381.83674,352.786835,0.04223313146776117,True,
C2LAKE,audited_prime_m160,audited_prime,160,25601,4687,full_handshake,fast,100,0,1067.43326306,1045.227577,55.30534692529704,1005.808626,1394.134789,1160.814726,0.051811526621115184,True,
C2LAKE,audited_prime_m160,audited_prime,160,25601,4687,initiator_create,fast,100,0,365.18855177999995,362.082153,13.6662714310841,348.691901,462.589944,381.811688,0.03742250780993007,True,
C2LAKE,audited_prime_m160,audited_prime,160,25601,4687,initiator_total,fast,100,0,529.3171891000001,524.2235415,19.928694860026184,508.558087,628.206081,552.772836,0.03764981616015723,True,
C2LAKE,audited_prime_m160,audited_prime,160,25601,4687,initiator_verify_and_finish,fast,100,0,164.12863732000002,160.7850725,14.758389557774475,154.955442,271.342339,173.883234,0.08991964960386642,True,
C2LAKE,audited_prime_m160,audited_prime,160,25601,4687,responder_total,fast,100,0,530.77903407,521.8685204999999,28.376351615427957,501.986897,688.95612,583.279052,0.05346170401238124,True,
C2LAKE,audited_prime_m160,audited_prime,160,25601,4687,responder_verify_and_reply,fast,100,0,530.77903407,521.8685204999999,28.376351615427957,501.986897,688.95612,583.279052,0.05346170401238124,True,
C2LAKE,audited_prime_m256,audited_prime,256,65537,8192,PartialPrivateKeyExtract,fast,0,100,,,,,,,,False,timeout
C2LAKE,audited_prime_m256,audited_prime,256,65537,8192,SetSecretValue,fast,0,100,,,,,,,,False,timeout
C2LAKE,audited_prime_m256,audited_prime,256,65537,8192,Setup,fast,0,100,,,,,,,,False,timeout
C2LAKE,audited_prime_m256,audited_prime,256,65537,8192,full_handshake,fast,0,100,,,,,,,,False,timeout
C2LAKE,audited_prime_m256,audited_prime,256,65537,8192,initiator_create,fast,0,100,,,,,,,,False,timeout
C2LAKE,audited_prime_m256,audited_prime,256,65537,8192,initiator_total,fast,0,100,,,,,,,,False,timeout
C2LAKE,audited_prime_m256,audited_prime,256,65537,8192,initiator_verify_and_finish,fast,0,100,,,,,,,,False,timeout
C2LAKE,audited_prime_m256,audited_prime,256,65537,8192,responder_total,fast,0,100,,,,,,,,False,timeout
C2LAKE,audited_prime_m256,audited_prime,256,65537,8192,responder_verify_and_reply,fast,0,100,,,,,,,,False,timeout
C2LAKE,audited_prime_m32,audited_prime,32,1031,640,PartialPrivateKeyExtract,fast,100,0,4.2662172,3.436998,2.628395989972776,1.318897,13.971677,9.545662,0.6160952119298512,True,
C2LAKE,audited_prime_m32,audited_prime,32,1031,640,SetSecretValue,fast,100,0,2.27834302,2.2088875000000003,0.35066236319009225,1.915548,4.320192,2.590419,0.15391113634420697,True,
C2LAKE,audited_prime_m32,audited_prime,32,1031,640,Setup,fast,100,0,13.344833020000001,12.909122,1.9270136083163618,11.876083,28.803543,14.275908,0.14440147774260886,True,
C2LAKE,audited_prime_m32,audited_prime,32,1031,640,full_handshake,fast,100,0,60.03650449,56.127342,20.896694902637165,23.896798,116.281247,105.510487,0.348066481887163,True,
C2LAKE,audited_prime_m32,audited_prime,32,1031,640,initiator_create,fast,100,0,7.291016979999999,6.2388925,3.5672309132788507,3.608298,19.883256,15.002409,0.48926383288697967,True,
C2LAKE,audited_prime_m32,audited_prime,32,1031,640,initiator_total,fast,100,0,25.76881834,24.84422,9.378459474075152,9.474508,58.559571,41.591372,0.36394604325015983,True,
C2LAKE,audited_prime_m32,audited_prime,32,1031,640,initiator_verify_and_finish,fast,100,0,18.47780136,17.277986,8.487867923534615,5.315488,50.382291,32.499876,0.4593548636099536,True,
C2LAKE,audited_prime_m32,audited_prime,32,1031,640,responder_total,fast,100,0,26.84286617,26.521274,8.935578923112141,10.423697,53.699054,43.94329,0.33288468029165535,True,
C2LAKE,audited_prime_m32,audited_prime,32,1031,640,responder_verify_and_reply,fast,100,0,26.84286617,26.521274,8.935578923112141,10.423697,53.699054,43.94329,0.33288468029165535,True,
C2LAKE,audited_prime_m48,audited_prime,48,2309,1073,PartialPrivateKeyExtract,fast,100,0,8.4508457,7.965766,1.8212548936893218,6.137181,18.078351,11.588798,0.21551155450505052,True,
C2LAKE,audited_prime_m48,audited_prime,48,2309,1073,SetSecretValue,fast,100,0,8.10316025,8.0630955,0.7557756186879135,6.532374,10.582046,9.303111,0.0932692425387877,True,
C2LAKE,audited_prime_m48,audited_prime,48,2309,1073,Setup,fast,100,0,23.04416807,22.641045,1.611962424793903,20.923287,29.245317,26.375349,0.06995099236810517,True,
C2LAKE,audited_prime_m48,audited_prime,48,2309,1073,full_handshake,fast,100,0,81.32577877,77.94582650000001,17.0495827504538,52.332713,136.593776,114.172896,0.20964549013016234,True,
C2LAKE,audited_prime_m48,audited_prime,48,2309,1073,initiator_create,fast,100,0,19.05538495,18.1152765,3.1836510326259364,14.340992,29.667116,25.505398,0.1670735616719166,True,
C2LAKE,audited_prime_m48,audited_prime,48,2309,1073,initiator_total,fast,100,0,39.18467071,37.000346500000006,7.766631570685691,25.775918,69.902968,52.137307,0.1982058654560451,True,
C2LAKE,audited_prime_m48,audited_prime,48,2309,1073,initiator_verify_and_finish,fast,100,0,20.129285760000002,17.901128999999997,6.884410367603923,9.493776,50.072492,32.152678,0.34200966937854843,True,
C2LAKE,audited_prime_m48,audited_prime,48,2309,1073,responder_total,fast,100,0,38.72153757,36.7340795,7.832299576116577,26.241565,72.592386,53.984265,0.20227243202720208,True,
C2LAKE,audited_prime_m48,audited_prime,48,2309,1073,responder_verify_and_reply,fast,100,0,38.72153757,36.7340795,7.832299576116577,26.241565,72.592386,53.984265,0.20227243202720208,True,
C2LAKE,audited_prime_m64,audited_prime,64,4099,1536,PartialPrivateKeyExtract,fast,100,0,15.39574983,14.8367585,2.00323769251598,13.052497,25.091156,18.47604,0.13011627979382281,True,
C2LAKE,audited_prime_m64,audited_prime,64,4099,1536,SetSecretValue,fast,100,0,16.26097638,15.989355,1.2854180909887991,14.322935,21.882459,18.80875,0.07904925638842845,True,
C2LAKE,audited_prime_m64,audited_prime,64,4099,1536,Setup,fast,100,0,39.19939175,38.671461,3.322236379819912,35.372273,61.564429,44.187392,0.08475224312172937,True,
C2LAKE,audited_prime_m64,audited_prime,64,4099,1536,full_handshake,fast,100,0,123.62976208,119.469882,13.291413170820338,101.462384,164.398043,148.285745,0.1075098175973157,True,
C2LAKE,audited_prime_m64,audited_prime,64,4099,1536,initiator_create,fast,100,0,35.71000895,35.09106,3.2923779057972284,31.543368,48.675287,43.185798,0.092197621972235,True,
C2LAKE,audited_prime_m64,audited_prime,64,4099,1536,initiator_total,fast,100,0,62.072678960000005,61.4195225,6.630307347590907,51.365001,82.132969,72.973902,0.10681522786963192,True,
C2LAKE,audited_prime_m64,audited_prime,64,4099,1536,initiator_verify_and_finish,fast,100,0,26.362670010000002,24.868675,5.858580196189765,17.163809,44.228938,36.931846,0.22223015324196915,True,
C2LAKE,audited_prime_m64,audited_prime,64,4099,1536,responder_total,fast,100,0,61.24774424,60.572542999999996,6.1960908770604135,50.006705,78.10322,72.874599,0.10116439313717349,True,
C2LAKE,audited_prime_m64,audited_prime,64,4099,1536,responder_verify_and_reply,fast,100,0,61.24774424,60.572542999999996,6.1960908770604135,50.006705,78.10322,72.874599,0.10116439313717349,True,
C2LAKE,audited_prime_m80,audited_prime,80,6421,2024,PartialPrivateKeyExtract,fast,100,0,21.63778475,21.1112775,2.52075645155221,18.651995,32.801023,26.461483,0.11649789849916173,True,
C2LAKE,audited_prime_m80,audited_prime,80,6421,2024,SetSecretValue,fast,100,0,23.68968405,23.200543,2.046336838168734,21.522299,33.688686,25.785661,0.08638092571642947,True,
C2LAKE,audited_prime_m80,audited_prime,80,6421,2024,Setup,fast,100,0,57.181030549999996,56.212132,4.521436989797212,53.369938,89.719802,63.625469,0.07907232427095898,True,
C2LAKE,audited_prime_m80,audited_prime,80,6421,2024,full_handshake,fast,100,0,173.08101645,170.2115435,15.261934076046856,152.842613,255.149219,197.09077,0.08817797808840437,True,
C2LAKE,audited_prime_m80,audited_prime,80,6421,2024,initiator_create,fast,100,0,55.40555183000001,53.676562000000004,10.026723780649997,48.62349,146.311035,62.221714,0.18096965826484027,True,
C2LAKE,audited_prime_m80,audited_prime,80,6421,2024,initiator_total,fast,100,0,86.44562549,84.2233045,12.931745590661883,72.964213,195.98042,97.99065,0.14959398485881537,True,
C2LAKE,audited_prime_m80,audited_prime,80,6421,2024,initiator_verify_and_finish,fast,100,0,31.040073659999997,30.0656265,5.399105386724957,23.046729,49.669385,40.740015,0.17393983809009292,True,
C2LAKE,audited_prime_m80,audited_prime,80,6421,2024,responder_total,fast,100,0,86.06569958,83.808517,10.019256342042505,74.2978,161.77781,97.923662,0.11641404637313592,True,
C2LAKE,audited_prime_m80,audited_prime,80,6421,2024,responder_verify_and_reply,fast,100,0,86.06569958,83.808517,10.019256342042505,74.2978,161.77781,97.923662,0.11641404637313592,True,
C2LAKE,audited_prime_m96,audited_prime,96,9221,2529,PartialPrivateKeyExtract,fast,100,0,45.62944391,45.046328,3.9375660084638153,37.729101,74.038784,50.308373,0.08629441148198765,True,
C2LAKE,audited_prime_m96,audited_prime,96,9221,2529,SetSecretValue,fast,100,0,44.31030957,43.9301895,3.6316038519438236,36.902524,70.601086,46.13015,0.08195844008281487,True,
C2LAKE,audited_prime_m96,audited_prime,96,9221,2529,Setup,fast,100,0,98.57359993,98.08087549999999,5.744186000394606,85.573295,134.6883,103.578609,0.05827306707347323,True,
C2LAKE,audited_prime_m96,audited_prime,96,9221,2529,full_handshake,fast,100,0,325.67183655,322.507745,25.98429779879261,282.699675,543.121771,348.270104,0.07978675120961302,True,
C2LAKE,audited_prime_m96,audited_prime,96,9221,2529,initiator_create,fast,100,0,107.99250244999999,108.2230075,5.376824283373738,90.860813,134.739181,115.278409,0.04978886646193963,True,
C2LAKE,audited_prime_m96,audited_prime,96,9221,2529,initiator_total,fast,100,0,162.11207682,162.03738650000003,8.551544377963467,136.372192,191.526733,174.884281,0.05275081626064549,True,
C2LAKE,audited_prime_m96,audited_prime,96,9221,2529,initiator_verify_and_finish,fast,100,0,54.11957437,53.0948925,5.5531132011836615,41.919205,75.126696,64.603867,0.10260822014634889,True,
C2LAKE,audited_prime_m96,audited_prime,96,9221,2529,responder_total,fast,100,0,162.64198966,161.5605165,10.657708455869875,143.105744,240.073296,176.727353,0.0655286404092179,True,
C2LAKE,audited_prime_m96,audited_prime,96,9221,2529,responder_verify_and_reply,fast,100,0,162.64198966,161.5605165,10.657708455869875,143.105744,240.073296,176.727353,0.0655286404092179,True,
C2LAKE,paper_literal_m112,paper_literal,112,12544,3050,PartialPrivateKeyExtract,fast,100,0,57.21403719,56.0827055,5.907520806529783,49.92327,99.312867,64.342753,0.10325299693345732,True,
C2LAKE,paper_literal_m112,paper_literal,112,12544,3050,SetSecretValue,fast,100,0,55.97473846,55.5909305,3.9136172813511148,49.883932,70.046764,62.088096,0.0699175626188556,True,
C2LAKE,paper_literal_m112,paper_literal,112,12544,3050,Setup,fast,100,0,128.73357796,126.064924,7.851722878359708,118.543923,155.43051,140.447513,0.060992034889291974,True,
C2LAKE,paper_literal_m112,paper_literal,112,12544,3050,full_handshake,fast,100,0,413.90568933000003,402.46394499999997,28.218362583855452,364.122447,497.285598,470.56949,0.06817582679168593,True,
C2LAKE,paper_literal_m112,paper_literal,112,12544,3050,initiator_create,fast,100,0,143.38870726000002,139.8461615,12.36713232231457,129.591889,208.970858,156.412632,0.0862489979764573,True,
C2LAKE,paper_literal_m112,paper_literal,112,12544,3050,initiator_total,fast,100,0,208.04427393000003,204.167296,15.62363554161059,185.271683,275.254058,230.487348,0.0750976474693431,True,
C2LAKE,paper_literal_m112,paper_literal,112,12544,3050,initiator_verify_and_finish,fast,100,0,64.65556667,63.069567,6.102264011412843,55.042177,92.238736,75.644808,0.09438110785663063,True,
C2LAKE,paper_literal_m112,paper_literal,112,12544,3050,responder_total,fast,100,0,208.25571779,202.9119685,15.575538164512038,186.610487,255.282163,233.611646,0.07479044671521591,True,
C2LAKE,paper_literal_m112,paper_literal,112,12544,3050,responder_verify_and_reply,fast,100,0,208.25571779,202.9119685,15.575538164512038,186.610487,255.282163,233.611646,0.07479044671521591,True,
C2LAKE,paper_literal_m128,paper_literal,128,16384,3584,PartialPrivateKeyExtract,fast,100,0,154.97371241000002,151.753082,10.245483561531849,142.350014,190.251679,181.563117,0.06611110621410612,True,
C2LAKE,paper_literal_m128,paper_literal,128,16384,3584,SetSecretValue,fast,100,0,153.68091235,150.6806195,10.715193659334556,141.246537,192.537287,177.812156,0.0697236468438662,True,
C2LAKE,paper_literal_m128,paper_literal,128,16384,3584,Setup,fast,100,0,251.64869851,245.222664,20.952375146654393,230.555217,332.115756,299.181671,0.08326041529605523,True,
C2LAKE,paper_literal_m128,paper_literal,128,16384,3584,full_handshake,fast,100,0,873.54125545,853.1357204999999,71.48094281850597,798.013393,1154.584217,1039.352581,0.08182892607823422,True,
C2LAKE,paper_literal_m128,paper_literal,128,16384,3584,initiator_create,fast,100,0,270.77639773,264.864183,20.420384670767042,248.044355,342.606631,316.469245,0.07541419725632394,True,
C2LAKE,paper_literal_m128,paper_literal,128,16384,3584,initiator_total,fast,100,0,433.69871221,423.7298295,31.2640554287592,399.482411,539.62633,503.614325,0.07208703772590619,True,
C2LAKE,paper_literal_m128,paper_literal,128,16384,3584,initiator_verify_and_finish,fast,100,0,162.92231448,158.5088215,12.898241970644916,147.854551,210.744914,192.437687,0.07916805019504113,True,
C2LAKE,paper_literal_m128,paper_literal,128,16384,3584,responder_total,fast,100,0,433.2364476,423.81196750000004,30.25757858535769,399.003086,555.868153,497.325612,0.06984079652802898,True,
C2LAKE,paper_literal_m128,paper_literal,128,16384,3584,responder_verify_and_reply,fast,100,0,433.2364476,423.81196750000004,30.25757858535769,399.003086,555.868153,497.325612,0.06984079652802898,True,
C2LAKE,paper_literal_m160,paper_literal,160,25600,4687,PartialPrivateKeyExtract,fast,100,0,143.13736795,131.381164,22.148173901002966,125.554167,214.587843,184.102115,0.15473369545777627,True,
C2LAKE,paper_literal_m160,paper_literal,160,25600,4687,SetSecretValue,fast,100,0,142.30252889,129.918593,22.078908740709796,124.740278,218.187236,182.859662,0.15515471800066755,True,
C2LAKE,paper_literal_m160,paper_literal,160,25600,4687,Setup,fast,100,0,304.65501474,279.118789,42.37684007684054,271.602487,413.149992,384.190406,0.1390977926721671,True,
C2LAKE,paper_literal_m160,paper_literal,160,25600,4687,full_handshake,fast,100,0,986.99783702,892.3930359999999,154.96877710594885,867.143168,1404.206818,1258.715849,0.15701024996553123,True,
C2LAKE,paper_literal_m160,paper_literal,160,25600,4687,initiator_create,fast,100,0,340.3671892,308.5489625,57.47280022853945,298.042743,600.504615,437.379158,0.1688552893821043,True,
C2LAKE,paper_literal_m160,paper_literal,160,25600,4687,initiator_total,fast,100,0,493.33954689999996,447.37591999999995,80.68594265109706,431.518625,792.052693,639.343772,0.16355052652499422,True,
C2LAKE,paper_literal_m160,paper_literal,160,25600,4687,initiator_verify_and_finish,fast,100,0,152.9723577,138.7573935,26.54857647374991,131.540421,251.410233,195.143192,0.17355146297617605,True,
C2LAKE,paper_literal_m160,paper_literal,160,25600,4687,responder_total,fast,100,0,492.92618016,446.02332049999995,76.86119557765424,432.655035,674.572996,638.47975,0.1559284101175265,True,
C2LAKE,paper_literal_m160,paper_literal,160,25600,4687,responder_verify_and_reply,fast,100,0,492.92618016,446.02332049999995,76.86119557765424,432.655035,674.572996,638.47975,0.1559284101175265,True,
C2LAKE,paper_literal_m256,paper_literal,256,65536,8192,PartialPrivateKeyExtract,fast,0,100,,,,,,,,False,timeout
C2LAKE,paper_literal_m256,paper_literal,256,65536,8192,SetSecretValue,fast,0,100,,,,,,,,False,timeout
C2LAKE,paper_literal_m256,paper_literal,256,65536,8192,Setup,fast,0,100,,,,,,,,False,timeout
C2LAKE,paper_literal_m256,paper_literal,256,65536,8192,full_handshake,fast,0,100,,,,,,,,False,timeout
C2LAKE,paper_literal_m256,paper_literal,256,65536,8192,initiator_create,fast,0,100,,,,,,,,False,timeout
C2LAKE,paper_literal_m256,paper_literal,256,65536,8192,initiator_total,fast,0,100,,,,,,,,False,timeout
C2LAKE,paper_literal_m256,paper_literal,256,65536,8192,initiator_verify_and_finish,fast,0,100,,,,,,,,False,timeout
C2LAKE,paper_literal_m256,paper_literal,256,65536,8192,responder_total,fast,0,100,,,,,,,,False,timeout
C2LAKE,paper_literal_m256,paper_literal,256,65536,8192,responder_verify_and_reply,fast,0,100,,,,,,,,False,timeout
C2LAKE,paper_literal_m32,paper_literal,32,1024,640,PartialPrivateKeyExtract,fast,100,0,4.67260473,4.115726,1.9860096326739034,2.311957,11.798574,8.586482,0.42503266324303524,True,
C2LAKE,paper_literal_m32,paper_literal,32,1024,640,SetSecretValue,fast,100,0,1.35890593,1.289529,0.2367940802458539,1.138087,2.632096,1.693595,0.17425347481253092,True,
C2LAKE,paper_literal_m32,paper_literal,32,1024,640,Setup,fast,100,0,12.95519384,12.6785485,1.7094265041927899,11.580433,27.897163,13.91332,0.1319491259879744,True,
C2LAKE,paper_literal_m32,paper_literal,32,1024,640,full_handshake,fast,100,0,54.92948689,52.5935675,17.63584460412213,25.648932,113.344371,90.979381,0.3210633414333379,True,
C2LAKE,paper_literal_m32,paper_literal,32,1024,640,initiator_create,fast,100,0,7.81910959,6.786531,3.669344000796675,3.581364,22.93176,13.957932,0.4692790091456788,True,
C2LAKE,paper_literal_m32,paper_literal,32,1024,640,initiator_total,fast,100,0,28.241279759999998,26.252524,9.551743253958325,12.271035,65.464051,44.785044,0.33821920731393673,True,
C2LAKE,paper_literal_m32,paper_literal,32,1024,640,initiator_verify_and_finish,fast,100,0,20.42217017,19.9133405,8.838610605862431,5.898293,42.532291,37.454689,0.43279487597485,True,
C2LAKE,paper_literal_m32,paper_literal,32,1024,640,responder_total,fast,100,0,27.70667401,25.0938545,9.432368076943206,12.730589,52.488773,47.704157,0.340436678669509,True,
C2LAKE,paper_literal_m32,paper_literal,32,1024,640,responder_verify_and_reply,fast,100,0,27.70667401,25.0938545,9.432368076943206,12.730589,52.488773,47.704157,0.340436678669509,True,
C2LAKE,paper_literal_m48,paper_literal,48,2304,1073,PartialPrivateKeyExtract,fast,100,0,9.69252567,9.386334999999999,1.5276264505306558,7.515356,14.366917,12.722197,0.15760870825020531,True,
C2LAKE,paper_literal_m48,paper_literal,48,2304,1073,SetSecretValue,fast,100,0,6.57879598,6.420082,1.0145708691275948,4.506243,11.15196,8.118591,0.1542183208313438,True,
C2LAKE,paper_literal_m48,paper_literal,48,2304,1073,Setup,fast,100,0,23.766447600000003,23.3956425,2.07607076901747,21.427458,39.077744,26.151256,0.08735301143690778,True,
C2LAKE,paper_literal_m48,paper_literal,48,2304,1073,full_handshake,fast,100,0,80.17881371,77.15462450000001,16.032545277485507,54.09611,139.012523,109.615226,0.19995987138789395,True,
C2LAKE,paper_literal_m48,paper_literal,48,2304,1073,initiator_create,fast,100,0,19.665111460000002,18.975384499999997,3.323011591221209,15.002966,34.49491,26.445854,0.16898005373528702,True,
C2LAKE,paper_literal_m48,paper_literal,48,2304,1073,initiator_total,fast,100,0,39.47241634,38.468380999999994,7.391734479869498,27.827418,66.943161,51.26045,0.18726328827199176,True,
C2LAKE,paper_literal_m48,paper_literal,48,2304,1073,initiator_verify_and_finish,fast,100,0,19.80730488,17.920366,6.94053489845172,10.59118,49.626849,31.47912,0.3504027903089317,True,
C2LAKE,paper_literal_m48,paper_literal,48,2304,1073,responder_total,fast,100,0,38.940915759999996,38.7094685,6.8353902697144004,26.993045,60.497113,50.760304,0.17553234525459452,True,
C2LAKE,paper_literal_m48,paper_literal,48,2304,1073,responder_verify_and_reply,fast,100,0,38.940915759999996,38.7094685,6.8353902697144004,26.993045,60.497113,50.760304,0.17553234525459452,True,
C2LAKE,paper_literal_m64,paper_literal,64,4096,1536,PartialPrivateKeyExtract,fast,100,0,16.52173353,16.282733999999998,1.3676673687606633,14.551701,22.335332,18.944378,0.0827798951167725,True,
C2LAKE,paper_literal_m64,paper_literal,64,4096,1536,SetSecretValue,fast,100,0,13.04332003,12.877720499999999,0.7673852300744873,11.684393,15.985465,14.275276,0.05883358135118052,True,
C2LAKE,paper_literal_m64,paper_literal,64,4096,1536,Setup,fast,100,0,37.687338260000004,37.3093555,1.9990511402581796,35.247916,49.271194,39.926317,0.05304304396524339,True,
C2LAKE,paper_literal_m64,paper_literal,64,4096,1536,full_handshake,fast,100,0,117.37975708,114.484123,12.461728694521273,95.470074,156.561873,144.130846,0.10616590973201623,True,
C2LAKE,paper_literal_m64,paper_literal,64,4096,1536,initiator_create,fast,100,0,34.4449149,33.825911000000005,3.0897900617582756,29.812786,46.676193,40.832277,0.08970235724862469,True,
C2LAKE,paper_literal_m64,paper_literal,64,4096,1536,initiator_total,fast,100,0,59.515000060000006,58.3592185,7.038442260348632,48.357695,84.046427,72.472475,0.1182633328279061,True,
C2LAKE,paper_literal_m64,paper_literal,64,4096,1536,initiator_verify_and_finish,fast,100,0,25.070085159999998,24.173962,5.870955469131813,16.022817,48.212582,36.758849,0.23418171225437567,True,
C2LAKE,paper_literal_m64,paper_literal,64,4096,1536,responder_total,fast,100,0,60.19159785,57.8669605,7.685560424900522,48.570574,84.896627,74.096492,0.1276849377558187,True,
C2LAKE,paper_literal_m64,paper_literal,64,4096,1536,responder_verify_and_reply,fast,100,0,60.19159785,57.8669605,7.685560424900522,48.570574,84.896627,74.096492,0.1276849377558187,True,
C2LAKE,paper_literal_m80,paper_literal,80,6400,2024,PartialPrivateKeyExtract,fast,100,0,25.295160139999997,25.121995,1.7046781540169176,22.364881,30.749626,28.520921,0.06739147507199446,True,
C2LAKE,paper_literal_m80,paper_literal,80,6400,2024,SetSecretValue,fast,100,0,20.10850144,19.584381999999998,2.2541623787415412,17.848999,31.071444,23.739721,0.11209996853656844,True,
C2LAKE,paper_literal_m80,paper_literal,80,6400,2024,Setup,fast,100,0,56.36473422,55.8973825,2.324273074012276,53.52724,66.937113,59.514635,0.04123629972138767,True,
C2LAKE,paper_literal_m80,paper_literal,80,6400,2024,full_handshake,fast,100,0,170.18059669,168.4345835,11.177760282205261,151.746097,209.690571,189.880261,0.06568175514489825,True,
C2LAKE,paper_literal_m80,paper_literal,80,6400,2024,initiator_create,fast,100,0,55.23802111,54.177429000000004,4.444040325294422,49.55473,80.738043,60.359107,0.08045256213007052,True,
C2LAKE,paper_literal_m80,paper_literal,80,6400,2024,initiator_total,fast,100,0,85.42247534,84.611699,6.608538550839864,74.751204,110.852873,97.516054,0.07736299521333753,True,
C2LAKE,paper_literal_m80,paper_literal,80,6400,2024,initiator_verify_and_finish,fast,100,0,30.18445423,29.6370385,4.6107974732304235,22.577365,49.852601,37.803389,0.15275404478401342,True,
C2LAKE,paper_literal_m80,paper_literal,80,6400,2024,responder_total,fast,100,0,85.32971760000001,84.280486,5.765940581262111,76.67362,106.191084,94.109847,0.06757247935931421,True,
C2LAKE,paper_literal_m80,paper_literal,80,6400,2024,responder_verify_and_reply,fast,100,0,85.32971760000001,84.280486,5.765940581262111,76.67362,106.191084,94.109847,0.06757247935931421,True,
C2LAKE,paper_literal_m96,paper_literal,96,9216,2529,PartialPrivateKeyExtract,fast,100,0,45.41760913,44.951811,1.8777664479623941,41.688665,53.83025,49.132399,0.04134445832645251,True,
C2LAKE,paper_literal_m96,paper_literal,96,9216,2529,SetSecretValue,fast,100,0,44.32433234,44.0482095,1.8555652421298934,41.135583,56.441337,46.740711,0.04186335459937338,True,
C2LAKE,paper_literal_m96,paper_literal,96,9216,2529,Setup,fast,100,0,99.27604515000002,98.83216999999999,3.2251456516359274,94.377033,115.291604,103.110857,0.03248664515959444,True,
C2LAKE,paper_literal_m96,paper_literal,96,9216,2529,full_handshake,fast,100,0,326.77540051,324.4660675,10.746580068983885,306.296056,367.307053,347.115519,0.03288674744858898,True,
C2LAKE,paper_literal_m96,paper_literal,96,9216,2529,initiator_create,fast,100,0,109.28179446,108.44792000000001,4.08535814296581,104.079877,129.683902,117.113075,0.03738370295942714,True,
C2LAKE,paper_literal_m96,paper_literal,96,9216,2529,initiator_total,fast,100,0,163.24486184,162.4620765,5.8490694277483355,152.401668,182.557848,173.333302,0.0358300369262534,True,
C2LAKE,paper_literal_m96,paper_literal,96,9216,2529,initiator_verify_and_finish,fast,100,0,53.963067380000005,52.8679015,4.576964950143255,46.714138,72.454684,63.046463,0.08481661944664745,True,
C2LAKE,paper_literal_m96,paper_literal,96,9216,2529,responder_total,fast,100,0,163.42908552999998,162.566611,6.698260134900475,152.174654,191.414204,174.390305,0.040985728538944215,True,
C2LAKE,paper_literal_m96,paper_literal,96,9216,2529,responder_verify_and_reply,fast,100,0,163.42908552999998,162.566611,6.698260134900475,152.174654,191.414204,174.390305,0.040985728538944215,True,
