m,q,n,phase,timing_boundary,paper_ms,reproduced_mean_ms,reproduced_median_ms,absolute_error_ms,relative_error_percent,trend_match,source_page
32,1024,640,Setup,setup,2.867,12.95519384,12.6785485,10.088193839999999,351.8728231600976,True,p20
32,1024,640,SetSecretValue,set_secret_value,0.578,1.35890593,1.289529,0.78090593,135.10483217993078,False,p20
32,1024,640,PartialPrivateKeyExtract,partial_private_key_extract,0.59,4.67260473,4.115726,4.08260473,691.9669033898306,False,p20
32,1024,640,Key_Agreement,initiator_total,1.315,28.241279759999998,26.252524,26.926279759999996,2047.6258372623572,True,p20
32,1024,640,Key_Agreement,responder_total,1.315,27.70667401,25.0938545,26.39167401,2006.9714076045627,True,p20
32,1024,640,Key_Agreement,full_handshake,1.315,54.92948689,52.5935675,53.61448689,4077.147292015209,True,p20
48,2304,1073,Setup,setup,6.493,23.766447600000003,23.3956425,17.273447600000004,266.0318435237949,True,p20
48,2304,1073,SetSecretValue,set_secret_value,1.649,6.57879598,6.420082,4.92979598,298.9566998180715,False,p20
48,2304,1073,PartialPrivateKeyExtract,partial_private_key_extract,1.599,9.69252567,9.386334999999999,8.09352567,506.1617054409005,False,p20
48,2304,1073,Key_Agreement,initiator_total,3.465,39.47241634,38.468380999999994,36.007416340000006,1039.1750747474748,True,p20
48,2304,1073,Key_Agreement,responder_total,3.465,38.940915759999996,38.7094685,35.47591575999999,1023.8359526695525,True,p20
48,2304,1073,Key_Agreement,full_handshake,3.465,80.17881371,77.15462450000001,76.71381371,2213.962877633478,True,p20
64,4096,1536,Setup,setup,18.855,37.687338260000004,37.3093555,18.832338260000004,99.879810448157,True,p20
64,4096,1536,SetSecretValue,set_secret_value,6.138,13.04332003,12.877720499999999,6.90532003,112.50114092538286,False,p20
64,4096,1536,PartialPrivateKeyExtract,partial_private_key_extract,6.166,16.52173353,16.282733999999998,10.355733529999998,167.94897064547516,False,p20
64,4096,1536,Key_Agreement,initiator_total,10.201,59.515000060000006,58.3592185,49.314000060000005,483.42319439270665,True,p20
64,4096,1536,Key_Agreement,responder_total,10.201,60.19159785,57.8669605,49.99059785,490.05585579845115,True,p20
64,4096,1536,Key_Agreement,full_handshake,10.201,117.37975708,114.484123,107.17875708,1050.6691214586806,True,p20
80,6400,2024,Setup,setup,60.554,56.36473422,55.8973825,-4.1892657799999995,-6.91823129768471,True,p20
80,6400,2024,SetSecretValue,set_secret_value,18.433,20.10850144,19.584381999999998,1.6755014400000015,9.089683936418389,False,p20
80,6400,2024,PartialPrivateKeyExtract,partial_private_key_extract,18.439,25.295160139999997,25.121995,6.8561601399999965,37.182928249905075,False,p20
80,6400,2024,Key_Agreement,initiator_total,26.162,85.42247534,84.611699,59.260475340000006,226.5135514868894,True,p20
80,6400,2024,Key_Agreement,responder_total,26.162,85.32971760000001,84.280486,59.16771760000001,226.1590000764468,True,p20
80,6400,2024,Key_Agreement,full_handshake,26.162,170.18059669,168.4345835,144.01859668999998,550.487717643911,True,p20
96,9216,2529,Setup,setup,93.497,99.27604515000002,98.83216999999999,5.779045150000016,6.180995272575608,True,p20
96,9216,2529,SetSecretValue,set_secret_value,29.546,44.32433234,44.0482095,14.778332339999999,50.01804758681377,False,p20
96,9216,2529,PartialPrivateKeyExtract,partial_private_key_extract,29.583,45.41760913,44.951811,15.834609130000004,53.52604242301323,False,p20
96,9216,2529,Key_Agreement,initiator_total,40.601,163.24486184,162.4620765,122.64386184,302.071037265092,True,p20
96,9216,2529,Key_Agreement,responder_total,40.601,163.42908552999998,162.566611,122.82808552999998,302.52477902022116,True,p20
96,9216,2529,Key_Agreement,full_handshake,40.601,326.77540051,324.4660675,286.17440051,704.8456947119529,True,p20
112,12544,3050,Setup,setup,133.434,128.73357796,126.064924,-4.7004220400000065,-3.522656924022368,True,p20
112,12544,3050,SetSecretValue,set_secret_value,42.687,55.97473846,55.5909305,13.28773846,31.128302433996303,False,p20
112,12544,3050,PartialPrivateKeyExtract,partial_private_key_extract,42.824,57.21403719,56.0827055,14.390037190000001,33.6027395619279,False,p20
112,12544,3050,Key_Agreement,initiator_total,57.668,208.04427393000003,204.167296,150.37627393000002,260.7620758999792,True,p20
112,12544,3050,Key_Agreement,responder_total,57.668,208.25571779,202.9119685,150.58771779,261.1287330755358,True,p20
112,12544,3050,Key_Agreement,full_handshake,57.668,413.90568933000003,402.46394499999997,356.23768933,617.7389355101616,True,p20
128,16384,3584,Setup,setup,143.566,251.64869851,245.222664,108.08269851,75.28432812086427,True,p20
128,16384,3584,SetSecretValue,set_secret_value,82.891,153.68091235,150.6806195,70.78991235,85.40120441302432,False,p20
128,16384,3584,PartialPrivateKeyExtract,partial_private_key_extract,82.919,154.97371241000002,151.753082,72.05471241000002,86.89771030764966,False,p20
128,16384,3584,Key_Agreement,initiator_total,103.428,433.69871221,423.7298295,330.27071221,319.3242760277681,True,p20
128,16384,3584,Key_Agreement,responder_total,103.428,433.2364476,423.81196750000004,329.8084476,318.87733263719696,True,p20
128,16384,3584,Key_Agreement,full_handshake,103.428,873.54125545,853.1357204999999,770.11325545,744.5887529972541,True,p20
160,25600,4687,Setup,setup,357.661,304.65501474,279.118789,-53.00598525999999,-14.820174763253469,True,p20
160,25600,4687,SetSecretValue,set_secret_value,127.983,142.30252889,129.918593,14.319528889999987,11.1886179336318,False,p20
160,25600,4687,PartialPrivateKeyExtract,partial_private_key_extract,126.65,143.13736795,131.381164,16.487367949999992,13.01805602052901,False,p20
160,25600,4687,Key_Agreement,initiator_total,167.743,493.33954689999996,447.37591999999995,325.59654689999996,194.10440191244936,True,p20
160,25600,4687,Key_Agreement,responder_total,167.743,492.92618016,446.02332049999995,325.18318016,193.8579733044002,True,p20
160,25600,4687,Key_Agreement,full_handshake,167.743,986.99783702,892.3930359999999,819.25483702,488.39882261554874,True,p20
256,65536,8192,Setup,setup,976.411,,,,,incomplete,p20
256,65536,8192,SetSecretValue,set_secret_value,632.302,,,,,incomplete,p20
256,65536,8192,PartialPrivateKeyExtract,partial_private_key_extract,631.12,,,,,incomplete,p20
256,65536,8192,Key_Agreement,initiator_total,747.21,,,,,incomplete,p20
256,65536,8192,Key_Agreement,responder_total,747.21,,,,,incomplete,p20
256,65536,8192,Key_Agreement,full_handshake,747.21,,,,,incomplete,p20
