m,q,n,setup_ms,set_secret_value_ms,partial_private_key_extract_ms,key_agreement_ms,source_page
32,1024,640,2.867,0.578,0.590,1.315,p20
48,2304,1073,6.493,1.649,1.599,3.465,p20
64,4096,1536,18.855,6.138,6.166,10.201,p20
80,6400,2024,60.554,18.433,18.439,26.162,p20
96,9216,2529,93.497,29.546,29.583,40.601,p20
112,12544,3050,133.434,42.687,42.824,57.668,p20
128,16384,3584,143.566,82.891,82.919,103.428,p20
160,25600,4687,357.661,127.983,126.650,167.743,p20
256,65536,8192,976.411,632.302,631.120,747.210,p20
